ID	enrichmentScore	NES	p.adjust	core_enrichment	pvalue	qvalue	all_tested_peptides	species_name
72149	0.9743589743589743	2.6416893687846543	3.8320519294353523e-26	PV2T_004545/PV2T_004553/PV2T_004554/PV2T_004544/PV2T_004576/PV2T_004538/PV2T_014901/PV2T_004540/PV2T_004542/PV2T_004546/PV2T_014915/PV2T_004566/PV2T_014903/PV2T_014913/PV2T_014912/PV2T_004575/PV2T_004574/PV2T_004541/PV2T_014905/PV2T_004559/PV2T_004550/PV2T_004537/PV2T_014908/PV2T_014900/PV2T_004543/PV2T_014907/PV2T_004586/PV2T_004585/PV2T_004539/PV2T_004568	1.2773506431451174e-27	2.2857853614175784e-26	PV2T_004537/PV2T_004538/PV2T_004539/PV2T_004540/PV2T_004541/PV2T_004542/PV2T_004543/PV2T_004544/PV2T_004545/PV2T_004546/PV2T_004550/PV2T_004553/PV2T_004554/PV2T_004559/PV2T_004566/PV2T_004568/PV2T_004574/PV2T_004575/PV2T_004576/PV2T_004585/PV2T_004586/PV2T_014900/PV2T_014901/PV2T_014903/PV2T_014905/PV2T_014907/PV2T_014908/PV2T_014912/PV2T_014913/PV2T_014915	Aichivirus A
11320	-0.9030247362356267	-2.800297868510308	1.8724150552748324e-12	PV2T_005500/PV2T_005382/PV2T_005328/PV2T_005548/PV2T_005343/PV2T_005381/PV2T_005362/PV2T_005422/PV2T_005327/PV2T_005370/PV2T_005324/PV2T_005302/PV2T_005477/PV2T_005423/PV2T_005367/PV2T_005369/PV2T_005372	1.248276703516555e-13	1.1168791557779702e-12	PV2T_005302/PV2T_005304/PV2T_005324/PV2T_005327/PV2T_005328/PV2T_005343/PV2T_005362/PV2T_005364/PV2T_005367/PV2T_005369/PV2T_005370/PV2T_005372/PV2T_005381/PV2T_005382/PV2T_005384/PV2T_005422/PV2T_005423/PV2T_005464/PV2T_005477/PV2T_005500/PV2T_005541/PV2T_005548	Influenza A virus
147712	-0.5810637801824627	-2.3776125889037405	2.1094000061907537e-08	PV2T_003555/PV2T_003562/PV2T_003499/PV2T_003552/PV2T_003540/PV2T_012162/PV2T_003617/PV2T_003498/PV2T_014932/PV2T_014542/PV2T_003548/PV2T_003595/PV2T_011474/PV2T_003569/PV2T_014541/PV2T_003534/PV2T_003493/PV2T_011617/PV2T_003557/PV2T_003527/PV2T_003512/PV2T_003530/PV2T_003546/PV2T_011470/PV2T_003553/PV2T_011595/PV2T_011759/PV2T_003618/PV2T_003500/PV2T_003587/PV2T_003598/PV2T_003518/PV2T_014934/PV2T_003543/PV2T_003507/PV2T_011596/PV2T_003536/PV2T_014933/PV2T_003492/PV2T_003564/PV2T_003574/PV2T_011365/PV2T_003589/PV2T_003597/PV2T_003544/PV2T_003596	2.109400006190754e-09	1.2582386001839582e-08	PV2T_003492/PV2T_003493/PV2T_003498/PV2T_003499/PV2T_003500/PV2T_003507/PV2T_003512/PV2T_003515/PV2T_003518/PV2T_003522/PV2T_003525/PV2T_003527/PV2T_003528/PV2T_003530/PV2T_003534/PV2T_003535/PV2T_003536/PV2T_003539/PV2T_003540/PV2T_003543/PV2T_003544/PV2T_003546/PV2T_003547/PV2T_003548/PV2T_003550/PV2T_003552/PV2T_003553/PV2T_003555/PV2T_003556/PV2T_003557/PV2T_003558/PV2T_003559/PV2T_003562/PV2T_003564/PV2T_003566/PV2T_003569/PV2T_003571/PV2T_003574/PV2T_003578/PV2T_003587/PV2T_003589/PV2T_003594/PV2T_003595/PV2T_003596/PV2T_003597/PV2T_003598/PV2T_003610/PV2T_003613/PV2T_003616/PV2T_003617/PV2T_003618/PV2T_003644/PV2T_003651/PV2T_003685/PV2T_003787/PV2T_003846/PV2T_011365/PV2T_011368/PV2T_011467/PV2T_011470/PV2T_011474/PV2T_011595/PV2T_011596/PV2T_011600/PV2T_011617/PV2T_011745/PV2T_011757/PV2T_011759/PV2T_011763/PV2T_011772/PV2T_011783/PV2T_011798/PV2T_012154/PV2T_012162/PV2T_014541/PV2T_014542/PV2T_014932/PV2T_014933/PV2T_014934/PV2T_014935	Rhinovirus B
463676	-0.5175671776619823	-2.2245457723135638	2.380637096659355e-07	PV2T_004093/PV2T_004139/PV2T_004214/PV2T_003958/PV2T_004092/PV2T_003943/PV2T_003980/PV2T_004149/PV2T_004138/PV2T_004128/PV2T_003921/PV2T_003865/PV2T_003895/PV2T_004132/PV2T_011693/PV2T_003940/PV2T_004020/PV2T_004157/PV2T_003900/PV2T_003969/PV2T_011982/PV2T_003984/PV2T_004185/PV2T_003994/PV2T_004280/PV2T_003939/PV2T_004225/PV2T_003966/PV2T_004110/PV2T_011707/PV2T_004112/PV2T_004066/PV2T_003917/PV2T_003910/PV2T_003963/PV2T_004212/PV2T_011985/PV2T_003989/PV2T_003975/PV2T_004206/PV2T_004278/PV2T_003941/PV2T_004176/PV2T_003915/PV2T_004227/PV2T_011434/PV2T_003904/PV2T_004120/PV2T_003962/PV2T_003982/PV2T_004019/PV2T_003935	3.174182795545807e-08	1.4200291453757556e-07	PV2T_003861/PV2T_003865/PV2T_003867/PV2T_003870/PV2T_003875/PV2T_003879/PV2T_003880/PV2T_003886/PV2T_003889/PV2T_003891/PV2T_003895/PV2T_003896/PV2T_003900/PV2T_003904/PV2T_003906/PV2T_003910/PV2T_003914/PV2T_003915/PV2T_003917/PV2T_003921/PV2T_003926/PV2T_003931/PV2T_003932/PV2T_003935/PV2T_003937/PV2T_003938/PV2T_003939/PV2T_003940/PV2T_003941/PV2T_003943/PV2T_003944/PV2T_003945/PV2T_003948/PV2T_003950/PV2T_003953/PV2T_003954/PV2T_003957/PV2T_003958/PV2T_003960/PV2T_003962/PV2T_003963/PV2T_003964/PV2T_003966/PV2T_003969/PV2T_003975/PV2T_003978/PV2T_003980/PV2T_003982/PV2T_003984/PV2T_003986/PV2T_003989/PV2T_003991/PV2T_003994/PV2T_004019/PV2T_004020/PV2T_004033/PV2T_004035/PV2T_004060/PV2T_004066/PV2T_004080/PV2T_004092/PV2T_004093/PV2T_004108/PV2T_004110/PV2T_004112/PV2T_004117/PV2T_004120/PV2T_004128/PV2T_004132/PV2T_004138/PV2T_004139/PV2T_004149/PV2T_004152/PV2T_004156/PV2T_004157/PV2T_004158/PV2T_004159/PV2T_004176/PV2T_004183/PV2T_004185/PV2T_004186/PV2T_004187/PV2T_004197/PV2T_004206/PV2T_004212/PV2T_004214/PV2T_004225/PV2T_004227/PV2T_004278/PV2T_004280/PV2T_004282/PV2T_004348/PV2T_004497/PV2T_011434/PV2T_011554/PV2T_011693/PV2T_011707/PV2T_011981/PV2T_011982/PV2T_011985/PV2T_011994/PV2T_012108	Rhinovirus C
147711	-0.3986260029624766	-1.7829294167364822	0.0002589569840357053	PV2T_002031/PV2T_002134/PV2T_002282/PV2T_002201/PV2T_002171/PV2T_002190/PV2T_011466/PV2T_002116/PV2T_002098/PV2T_002119/PV2T_002123/PV2T_002335/PV2T_002575/PV2T_002337/PV2T_002270/PV2T_002149/PV2T_002258/PV2T_002062/PV2T_002042/PV2T_002215/PV2T_002141/PV2T_002236/PV2T_002135/PV2T_002100/PV2T_002106/PV2T_002202/PV2T_002140/PV2T_002172/PV2T_002121/PV2T_002041/PV2T_014925/PV2T_002046/PV2T_002577/PV2T_002047/PV2T_002283/PV2T_002054/PV2T_002061/PV2T_002271/PV2T_011722/PV2T_002089/PV2T_002180/PV2T_002199/PV2T_011576/PV2T_002274/PV2T_002264/PV2T_002208/PV2T_002232/PV2T_002155/PV2T_014920/PV2T_002066/PV2T_002532/PV2T_002092/PV2T_014924/PV2T_002161/PV2T_002235/PV2T_002327/PV2T_002244/PV2T_002040/PV2T_002601/PV2T_002218/PV2T_002300/PV2T_002157/PV2T_002223/PV2T_002165/PV2T_002290	4.315949733928422e-05	0.00015446556942480668	PV2T_002030/PV2T_002031/PV2T_002034/PV2T_002035/PV2T_002040/PV2T_002041/PV2T_002042/PV2T_002043/PV2T_002046/PV2T_002047/PV2T_002048/PV2T_002054/PV2T_002056/PV2T_002058/PV2T_002061/PV2T_002062/PV2T_002065/PV2T_002066/PV2T_002067/PV2T_002077/PV2T_002079/PV2T_002082/PV2T_002085/PV2T_002089/PV2T_002092/PV2T_002098/PV2T_002100/PV2T_002106/PV2T_002107/PV2T_002116/PV2T_002117/PV2T_002119/PV2T_002121/PV2T_002123/PV2T_002124/PV2T_002125/PV2T_002133/PV2T_002134/PV2T_002135/PV2T_002136/PV2T_002138/PV2T_002140/PV2T_002141/PV2T_002144/PV2T_002145/PV2T_002149/PV2T_002155/PV2T_002157/PV2T_002161/PV2T_002163/PV2T_002165/PV2T_002169/PV2T_002171/PV2T_002172/PV2T_002173/PV2T_002175/PV2T_002179/PV2T_002180/PV2T_002181/PV2T_002187/PV2T_002190/PV2T_002194/PV2T_002196/PV2T_002199/PV2T_002201/PV2T_002202/PV2T_002208/PV2T_002211/PV2T_002213/PV2T_002214/PV2T_002215/PV2T_002218/PV2T_002220/PV2T_002223/PV2T_002232/PV2T_002235/PV2T_002236/PV2T_002242/PV2T_002244/PV2T_002258/PV2T_002262/PV2T_002264/PV2T_002270/PV2T_002271/PV2T_002274/PV2T_002282/PV2T_002283/PV2T_002285/PV2T_002290/PV2T_002295/PV2T_002299/PV2T_002300/PV2T_002305/PV2T_002327/PV2T_002335/PV2T_002337/PV2T_002366/PV2T_002447/PV2T_002473/PV2T_002474/PV2T_002490/PV2T_002491/PV2T_002532/PV2T_002541/PV2T_002547/PV2T_002575/PV2T_002577/PV2T_002601/PV2T_002612/PV2T_002783/PV2T_002807/PV2T_003006/PV2T_003042/PV2T_011459/PV2T_011463/PV2T_011466/PV2T_011574/PV2T_011576/PV2T_011578/PV2T_011722/PV2T_011723/PV2T_012129/PV2T_014531/PV2T_014920/PV2T_014921/PV2T_014923/PV2T_014924/PV2T_014925/PV2T_014927/PV2T_014928/PV2T_014931/PV2T_014944/PV2T_014947/PV2T_014948	Rhinovirus A
11983	-0.6431066268477297	-2.0403598999759427	0.002927238262981883	PV2T_000929/PV2T_000825/PV2T_000779/PV2T_000812/PV2T_000771/PV2T_000785/PV2T_000813/PV2T_000827/PV2T_000807/PV2T_000822/PV2T_000752/PV2T_000829/PV2T_000748/PV2T_001094	0.0005854476525963767	0.0017460719463400706	PV2T_000748/PV2T_000752/PV2T_000769/PV2T_000771/PV2T_000776/PV2T_000778/PV2T_000779/PV2T_000780/PV2T_000785/PV2T_000803/PV2T_000806/PV2T_000807/PV2T_000812/PV2T_000813/PV2T_000815/PV2T_000822/PV2T_000825/PV2T_000827/PV2T_000829/PV2T_000838/PV2T_000929/PV2T_000988/PV2T_000989/PV2T_001094	Norwalk virus
11041	0.778224041349251	1.8534535209013836	0.0033658237537637983	PV2T_007968/PV2T_007969/PV2T_007964/PV2T_007974/PV2T_007966/PV2T_007973/PV2T_010819/PV2T_007982/PV2T_007972/PV2T_007963	0.0007853588758782197	0.0020076843443503356	PV2T_007960/PV2T_007961/PV2T_007963/PV2T_007964/PV2T_007966/PV2T_007968/PV2T_007969/PV2T_007970/PV2T_007971/PV2T_007972/PV2T_007973/PV2T_007974/PV2T_007976/PV2T_007982/PV2T_010810/PV2T_010819	Rubella virus
138950	0.5132326346277899	1.6299916857586216	0.011986235162200827	PV2T_003219/PV2T_003295/PV2T_003218/PV2T_003378/PV2T_003391/PV2T_003396/PV2T_003203/PV2T_003078/PV2T_003256/PV2T_003255/PV2T_003084/PV2T_003222/PV2T_003234/PV2T_003103/PV2T_003128/PV2T_003063/PV2T_003090/PV2T_003159/PV2T_003173/PV2T_003325/PV2T_003347/PV2T_003157/PV2T_003106/PV2T_003156/PV2T_003241/PV2T_003088/PV2T_003095/PV2T_003211	0.003595870548660248	0.007149684131839089	PV2T_003062/PV2T_003063/PV2T_003067/PV2T_003076/PV2T_003078/PV2T_003080/PV2T_003084/PV2T_003085/PV2T_003088/PV2T_003090/PV2T_003095/PV2T_003098/PV2T_003103/PV2T_003106/PV2T_003107/PV2T_003113/PV2T_003115/PV2T_003120/PV2T_003122/PV2T_003126/PV2T_003128/PV2T_003130/PV2T_003132/PV2T_003136/PV2T_003142/PV2T_003146/PV2T_003147/PV2T_003152/PV2T_003156/PV2T_003157/PV2T_003159/PV2T_003169/PV2T_003170/PV2T_003173/PV2T_003174/PV2T_003176/PV2T_003177/PV2T_003179/PV2T_003182/PV2T_003191/PV2T_003199/PV2T_003203/PV2T_003205/PV2T_003206/PV2T_003207/PV2T_003211/PV2T_003218/PV2T_003219/PV2T_003222/PV2T_003234/PV2T_003235/PV2T_003238/PV2T_003240/PV2T_003241/PV2T_003254/PV2T_003255/PV2T_003256/PV2T_003295/PV2T_003302/PV2T_003303/PV2T_003306/PV2T_003309/PV2T_003322/PV2T_003325/PV2T_003330/PV2T_003336/PV2T_003338/PV2T_003342/PV2T_003347/PV2T_003348/PV2T_003349/PV2T_003378/PV2T_003391/PV2T_003394/PV2T_003396/PV2T_003431/PV2T_003451/PV2T_011412/PV2T_011420/PV2T_011952/PV2T_012307	Enterovirus C
10298	0.49688434361121603	1.6035832804992713	0.011986235162200827	PV2T_006511/PV2T_013888/PV2T_006644/PV2T_006441/PV2T_006753/PV2T_006497/PV2T_006393/PV2T_006773/PV2T_006389/PV2T_006453/PV2T_014641/PV2T_014640/PV2T_014657/PV2T_013690/PV2T_014664/PV2T_013956/PV2T_006737/PV2T_006400/PV2T_014563/PV2T_006406/PV2T_014566/PV2T_013858/PV2T_014565/PV2T_006412/PV2T_013602/PV2T_006595	0.003203661327231121	0.007149684131839089	PV2T_006379/PV2T_006382/PV2T_006385/PV2T_006386/PV2T_006389/PV2T_006393/PV2T_006394/PV2T_006395/PV2T_006398/PV2T_006400/PV2T_006403/PV2T_006404/PV2T_006405/PV2T_006406/PV2T_006407/PV2T_006412/PV2T_006421/PV2T_006422/PV2T_006427/PV2T_006430/PV2T_006431/PV2T_006439/PV2T_006441/PV2T_006442/PV2T_006443/PV2T_006450/PV2T_006451/PV2T_006453/PV2T_006497/PV2T_006511/PV2T_006540/PV2T_006553/PV2T_006557/PV2T_006589/PV2T_006595/PV2T_006602/PV2T_006618/PV2T_006624/PV2T_006628/PV2T_006644/PV2T_006737/PV2T_006753/PV2T_006773/PV2T_013566/PV2T_013601/PV2T_013602/PV2T_013604/PV2T_013688/PV2T_013689/PV2T_013690/PV2T_013694/PV2T_013716/PV2T_013762/PV2T_013858/PV2T_013888/PV2T_013922/PV2T_013956/PV2T_013982/PV2T_014029/PV2T_014031/PV2T_014032/PV2T_014033/PV2T_014047/PV2T_014048/PV2T_014558/PV2T_014559/PV2T_014560/PV2T_014561/PV2T_014562/PV2T_014563/PV2T_014564/PV2T_014565/PV2T_014566/PV2T_014568/PV2T_014569/PV2T_014570/PV2T_014638/PV2T_014640/PV2T_014641/PV2T_014656/PV2T_014657/PV2T_014659/PV2T_014660/PV2T_014661/PV2T_014662/PV2T_014663/PV2T_014664/PV2T_014665/PV2T_014666/PV2T_014667/PV2T_014672/PV2T_014675	Human alphaherpesvirus 1
10359	0.4634434652165143	1.5245815110827845	0.020765881433515685	PV2T_007408/PV2T_007371/PV2T_007561/PV2T_007544/PV2T_007396/PV2T_014761/PV2T_007467/PV2T_007532/PV2T_007417/PV2T_007429/PV2T_007332/PV2T_007727/PV2T_014768/PV2T_007453/PV2T_014781/PV2T_007338/PV2T_007853/PV2T_007424/PV2T_007433/PV2T_007697/PV2T_007486/PV2T_007399/PV2T_007767/PV2T_007636/PV2T_007443/PV2T_014760/PV2T_007426/PV2T_007360/PV2T_007682/PV2T_007711/PV2T_007668/PV2T_007699/PV2T_014753/PV2T_007822/PV2T_014756/PV2T_014771/PV2T_014773/PV2T_007421/PV2T_007323/PV2T_007412/PV2T_007538/PV2T_014757/PV2T_007608/PV2T_014770/PV2T_007422/PV2T_007355/PV2T_014775/PV2T_007368/PV2T_014774/PV2T_007359/PV2T_007457/PV2T_007431/PV2T_007415/PV2T_007611/PV2T_014785/PV2T_007344/PV2T_007374/PV2T_007389/PV2T_007337/PV2T_007757/PV2T_007363	0.006921960477838562	0.012386666118237426	PV2T_007321/PV2T_007323/PV2T_007324/PV2T_007326/PV2T_007327/PV2T_007328/PV2T_007329/PV2T_007330/PV2T_007331/PV2T_007332/PV2T_007336/PV2T_007337/PV2T_007338/PV2T_007339/PV2T_007342/PV2T_007344/PV2T_007345/PV2T_007347/PV2T_007355/PV2T_007357/PV2T_007359/PV2T_007360/PV2T_007363/PV2T_007368/PV2T_007370/PV2T_007371/PV2T_007374/PV2T_007377/PV2T_007388/PV2T_007389/PV2T_007394/PV2T_007396/PV2T_007399/PV2T_007400/PV2T_007402/PV2T_007408/PV2T_007410/PV2T_007411/PV2T_007412/PV2T_007415/PV2T_007416/PV2T_007417/PV2T_007421/PV2T_007422/PV2T_007424/PV2T_007425/PV2T_007426/PV2T_007427/PV2T_007429/PV2T_007431/PV2T_007433/PV2T_007443/PV2T_007445/PV2T_007453/PV2T_007454/PV2T_007455/PV2T_007457/PV2T_007466/PV2T_007467/PV2T_007471/PV2T_007474/PV2T_007477/PV2T_007479/PV2T_007486/PV2T_007517/PV2T_007524/PV2T_007532/PV2T_007533/PV2T_007536/PV2T_007538/PV2T_007544/PV2T_007561/PV2T_007563/PV2T_007571/PV2T_007578/PV2T_007608/PV2T_007611/PV2T_007636/PV2T_007668/PV2T_007681/PV2T_007682/PV2T_007686/PV2T_007697/PV2T_007699/PV2T_007707/PV2T_007711/PV2T_007727/PV2T_007757/PV2T_007767/PV2T_007770/PV2T_007822/PV2T_007853/PV2T_014752/PV2T_014753/PV2T_014754/PV2T_014756/PV2T_014757/PV2T_014759/PV2T_014760/PV2T_014761/PV2T_014764/PV2T_014765/PV2T_014767/PV2T_014768/PV2T_014769/PV2T_014770/PV2T_014771/PV2T_014772/PV2T_014773/PV2T_014774/PV2T_014775/PV2T_014781/PV2T_014785	Human betaherpesvirus 5
11137	-0.9323308270676691	-1.59444687807407	0.02103136147137054	PV2T_001189/PV2T_001203	0.007711499206169199	0.012545022632045585	PV2T_001189/PV2T_001203/PV2T_001223	Human coronavirus 229E
1239565	0.8687278869767293	1.494773976206649	0.07266435986159168	PV2T_000672/PV2T_000716/PV2T_000700	0.0314878892733564	0.04334365325077399	PV2T_000672/PV2T_000675/PV2T_000700/PV2T_000716	Mamastrovirus 1
694003	0.9122807017543859	1.4688344887365905	0.07266435986159168	PV2T_001123/PV2T_001151/PV2T_011200	0.029485346676197285	0.04334365325077399	PV2T_001123/PV2T_001151/PV2T_011200	Betacoronavirus 1
1821750	-0.7699278270786616	-1.3167096749218865	0.32433658425946926	PV2T_007292/PV2T_007300	0.16216829212973463	0.19346392745301674	PV2T_007292/PV2T_007300/PV2T_007303	Cardiovirus B
10310	0.5548831962167984	1.3070348430907122	0.32433658425946926	PV2T_014070/PV2T_014014/PV2T_013914/PV2T_013703/PV2T_007124/PV2T_006959/PV2T_007155/PV2T_013700/PV2T_007011/PV2T_014053	0.16044831145848695	0.19346392745301674	PV2T_006959/PV2T_006996/PV2T_007011/PV2T_007124/PV2T_007155/PV2T_013697/PV2T_013700/PV2T_013703/PV2T_013709/PV2T_013722/PV2T_013914/PV2T_013950/PV2T_014014/PV2T_014053/PV2T_014070	Human alphaherpesvirus 2
162145	-0.7221456765907839	-1.2349939379096508	0.4609888863687911	PV2T_005940/PV2T_005953	0.2458607393966886	0.27497582695682277	PV2T_005940/PV2T_005953/PV2T_005975	Human metapneumovirus
432261	0.5879385898447904	1.1210736923967226	0.6267478203651916	PV2T_008548/PV2T_008538/PV2T_008559	0.3551570982069419	0.3738495770599388	PV2T_008525/PV2T_008531/PV2T_008538/PV2T_008548/PV2T_008558/PV2T_008559	Torque teno midi virus
130310	0.3986884653832657	1.0198124468837246	0.7433380084151473	PV2T_000001/PV2T_012707/PV2T_000007/PV2T_012655/PV2T_012718/PV2T_000004/PV2T_000008/PV2T_012824/PV2T_012611	0.44600280504908835	0.4433946015107895	PV2T_000001/PV2T_000003/PV2T_000004/PV2T_000005/PV2T_000007/PV2T_000008/PV2T_000013/PV2T_000014/PV2T_000056/PV2T_000060/PV2T_012530/PV2T_012611/PV2T_012655/PV2T_012702/PV2T_012707/PV2T_012718/PV2T_012747/PV2T_012823/PV2T_012824/PV2T_012951/PV2T_012986/PV2T_012987	Human mastadenovirus D
10376	0.33064100770498756	0.9886486990805147	0.7540923167674384	PV2T_004952/PV2T_014732/PV2T_004651/PV2T_004725/PV2T_004853/PV2T_004720/PV2T_004704/PV2T_014583/PV2T_004656/PV2T_005097/PV2T_004804/PV2T_004630/PV2T_014581/PV2T_004827/PV2T_014735/PV2T_014709/PV2T_004647/PV2T_014582/PV2T_004847/PV2T_014716	0.49014991946475034	0.44980945210689305	PV2T_004605/PV2T_004614/PV2T_004618/PV2T_004628/PV2T_004629/PV2T_004630/PV2T_004636/PV2T_004638/PV2T_004639/PV2T_004643/PV2T_004644/PV2T_004647/PV2T_004651/PV2T_004652/PV2T_004653/PV2T_004655/PV2T_004656/PV2T_004657/PV2T_004682/PV2T_004685/PV2T_004696/PV2T_004704/PV2T_004707/PV2T_004720/PV2T_004725/PV2T_004759/PV2T_004772/PV2T_004778/PV2T_004801/PV2T_004804/PV2T_004820/PV2T_004827/PV2T_004832/PV2T_004847/PV2T_004853/PV2T_004922/PV2T_004924/PV2T_004949/PV2T_004952/PV2T_005097/PV2T_005137/PV2T_014581/PV2T_014582/PV2T_014583/PV2T_014708/PV2T_014709/PV2T_014711/PV2T_014716/PV2T_014719/PV2T_014731/PV2T_014732/PV2T_014735	Human gammaherpesvirus 4
11520	0.4170370550323157	0.9823364007119915	0.7540923167674384	PV2T_005192/PV2T_005188/PV2T_005191/PV2T_005193/PV2T_005162/PV2T_005173/PV2T_005172	0.5027282111782923	0.44980945210689305	PV2T_005162/PV2T_005172/PV2T_005173/PV2T_005176/PV2T_005177/PV2T_005187/PV2T_005188/PV2T_005191/PV2T_005192/PV2T_005193/PV2T_005195/PV2T_005248/PV2T_005257/PV2T_005258/PV2T_005259	Influenza B virus
138951	-0.3917984560971419	-0.9078857528822614	0.7868141928377808	PV2T_001308/PV2T_001224	0.5662812584027964	0.4693277641488516	PV2T_001224/PV2T_001231/PV2T_001238/PV2T_001246/PV2T_001305/PV2T_001308/PV2T_011526/PV2T_011649	Enterovirus D
10368	0.4758745841821347	0.9073914970399486	0.7868141928377808	PV2T_006302	0.6032242145089652	0.4693277641488516	PV2T_006161/PV2T_006164/PV2T_006166/PV2T_006302/PV2T_013066/PV2T_013076	Human betaherpesvirus 6
11250	-0.4341009009346519	-0.8737535012342263	0.7868141928377808	PV2T_005893/PV2T_005898/PV2T_005794	0.602773047920214	0.4693277641488516	PV2T_005794/PV2T_005798/PV2T_005803/PV2T_005893/PV2T_005898	Human orthopneumovirus
138949	0.2678238944419226	0.9110927942782531	0.7948187416594228	PV2T_001397/PV2T_001480/PV2T_014552/PV2T_001518/PV2T_001317/PV2T_014554/PV2T_014557/PV2T_001370/PV2T_001328/PV2T_014556/PV2T_014550/PV2T_001345/PV2T_001353/PV2T_014547/PV2T_001488/PV2T_001484/PV2T_001411/PV2T_001474/PV2T_014551/PV2T_001386/PV2T_014553/PV2T_001379/PV2T_001371/PV2T_001341/PV2T_001612/PV2T_001378/PV2T_001424/PV2T_001401/PV2T_001331/PV2T_001342/PV2T_011691/PV2T_001509/PV2T_001464/PV2T_001614/PV2T_001426/PV2T_001416/PV2T_001692/PV2T_001613/PV2T_001316/PV2T_001493/PV2T_001429/PV2T_001483/PV2T_001387	0.6635643988018828	0.47410240730562064	PV2T_001310/PV2T_001311/PV2T_001313/PV2T_001315/PV2T_001316/PV2T_001317/PV2T_001318/PV2T_001320/PV2T_001321/PV2T_001322/PV2T_001324/PV2T_001325/PV2T_001327/PV2T_001328/PV2T_001329/PV2T_001331/PV2T_001332/PV2T_001333/PV2T_001335/PV2T_001336/PV2T_001340/PV2T_001341/PV2T_001342/PV2T_001344/PV2T_001345/PV2T_001347/PV2T_001348/PV2T_001349/PV2T_001351/PV2T_001352/PV2T_001353/PV2T_001354/PV2T_001356/PV2T_001364/PV2T_001365/PV2T_001367/PV2T_001369/PV2T_001370/PV2T_001371/PV2T_001372/PV2T_001373/PV2T_001374/PV2T_001375/PV2T_001378/PV2T_001379/PV2T_001380/PV2T_001381/PV2T_001382/PV2T_001385/PV2T_001386/PV2T_001387/PV2T_001389/PV2T_001390/PV2T_001394/PV2T_001395/PV2T_001397/PV2T_001398/PV2T_001401/PV2T_001402/PV2T_001403/PV2T_001409/PV2T_001411/PV2T_001413/PV2T_001414/PV2T_001416/PV2T_001418/PV2T_001419/PV2T_001420/PV2T_001421/PV2T_001422/PV2T_001423/PV2T_001424/PV2T_001425/PV2T_001426/PV2T_001427/PV2T_001428/PV2T_001429/PV2T_001432/PV2T_001434/PV2T_001435/PV2T_001437/PV2T_001438/PV2T_001439/PV2T_001440/PV2T_001441/PV2T_001443/PV2T_001444/PV2T_001449/PV2T_001450/PV2T_001452/PV2T_001453/PV2T_001455/PV2T_001456/PV2T_001457/PV2T_001458/PV2T_001459/PV2T_001460/PV2T_001461/PV2T_001462/PV2T_001463/PV2T_001464/PV2T_001465/PV2T_001471/PV2T_001473/PV2T_001474/PV2T_001476/PV2T_001477/PV2T_001480/PV2T_001481/PV2T_001482/PV2T_001483/PV2T_001484/PV2T_001485/PV2T_001486/PV2T_001488/PV2T_001489/PV2T_001490/PV2T_001491/PV2T_001493/PV2T_001497/PV2T_001505/PV2T_001506/PV2T_001507/PV2T_001509/PV2T_001512/PV2T_001515/PV2T_001518/PV2T_001524/PV2T_001525/PV2T_001530/PV2T_001531/PV2T_001553/PV2T_001554/PV2T_001555/PV2T_001586/PV2T_001612/PV2T_001613/PV2T_001614/PV2T_001678/PV2T_001686/PV2T_001692/PV2T_001708/PV2T_011397/PV2T_011401/PV2T_011669/PV2T_011691/PV2T_011892/PV2T_011894/PV2T_012258/PV2T_012261/PV2T_012269/PV2T_014547/PV2T_014550/PV2T_014551/PV2T_014552/PV2T_014553/PV2T_014554/PV2T_014555/PV2T_014556/PV2T_014557	Enterovirus B
138948	0.30688396848054844	0.8523673068989717	0.7948187416594228	PV2T_001748/PV2T_001749/PV2T_001732/PV2T_001729/PV2T_001717	0.6814814814814815	0.47410240730562064	PV2T_001717/PV2T_001719/PV2T_001726/PV2T_001729/PV2T_001732/PV2T_001736/PV2T_001738/PV2T_001742/PV2T_001748/PV2T_001749/PV2T_001752/PV2T_001771/PV2T_001790/PV2T_001791/PV2T_001809/PV2T_001813/PV2T_001825/PV2T_001828/PV2T_001851/PV2T_001861/PV2T_001869/PV2T_001879/PV2T_001885/PV2T_001903/PV2T_001906/PV2T_001907/PV2T_001914/PV2T_001917/PV2T_001922/PV2T_001936/PV2T_001941/PV2T_001942/PV2T_012033/PV2T_012199	Enterovirus A
12092	0.403091326581908	0.8234900522840959	0.7948187416594228	PV2T_008439/PV2T_008494/PV2T_008428/PV2T_008442/PV2T_008470	0.6888429094381665	0.47410240730562064	PV2T_008426/PV2T_008428/PV2T_008439/PV2T_008442/PV2T_008454/PV2T_008470/PV2T_008494/PV2T_008495	Hepatovirus A
11216	-0.41102756892230574	-0.7029281935595362	0.9001789269423653	PV2T_005623/PV2T_005638	0.8101610342481288	0.5369488336147442	PV2T_005623/PV2T_005638/PV2T_005663	Human respirovirus 3
129951	0.22185760593260268	0.6947122449704674	0.9802816901408451	PV2T_000373/PV2T_012672/PV2T_000327/PV2T_012675/PV2T_012559/PV2T_012714/PV2T_012648/PV2T_000462/PV2T_012764/PV2T_000322/PV2T_012716/PV2T_000442/PV2T_012957/PV2T_000332/PV2T_012510/PV2T_012685/PV2T_012650/PV2T_000351/PV2T_014983/PV2T_014985/PV2T_012678/PV2T_014984/PV2T_000355/PV2T_012647/PV2T_000412/PV2T_000317/PV2T_012673/PV2T_000328	0.924310304173544	0.5847294292068198	PV2T_000312/PV2T_000313/PV2T_000314/PV2T_000317/PV2T_000318/PV2T_000321/PV2T_000322/PV2T_000324/PV2T_000326/PV2T_000327/PV2T_000328/PV2T_000329/PV2T_000332/PV2T_000334/PV2T_000336/PV2T_000338/PV2T_000343/PV2T_000351/PV2T_000355/PV2T_000356/PV2T_000364/PV2T_000365/PV2T_000368/PV2T_000369/PV2T_000373/PV2T_000390/PV2T_000404/PV2T_000412/PV2T_000430/PV2T_000431/PV2T_000442/PV2T_000462/PV2T_012510/PV2T_012559/PV2T_012576/PV2T_012608/PV2T_012610/PV2T_012647/PV2T_012648/PV2T_012650/PV2T_012652/PV2T_012672/PV2T_012673/PV2T_012675/PV2T_012677/PV2T_012678/PV2T_012685/PV2T_012713/PV2T_012714/PV2T_012716/PV2T_012717/PV2T_012732/PV2T_012734/PV2T_012760/PV2T_012761/PV2T_012763/PV2T_012764/PV2T_012905/PV2T_012908/PV2T_012932/PV2T_012939/PV2T_012957/PV2T_012961/PV2T_012967/PV2T_012984/PV2T_012999/PV2T_014964/PV2T_014967/PV2T_014969/PV2T_014980/PV2T_014981/PV2T_014983/PV2T_014984/PV2T_014985	Human mastadenovirus C
108098	0.19543774788863633	0.5652878889507418	0.9802816901408451	PV2T_012511/PV2T_000303/PV2T_012934/PV2T_000156/PV2T_012790/PV2T_012793/PV2T_000125/PV2T_000120/PV2T_012683/PV2T_000136/PV2T_000247/PV2T_000150/PV2T_012484/PV2T_000130	0.9802816901408451	0.5847294292068198	PV2T_000120/PV2T_000121/PV2T_000122/PV2T_000123/PV2T_000125/PV2T_000126/PV2T_000129/PV2T_000130/PV2T_000131/PV2T_000132/PV2T_000133/PV2T_000136/PV2T_000138/PV2T_000145/PV2T_000149/PV2T_000150/PV2T_000152/PV2T_000155/PV2T_000156/PV2T_000200/PV2T_000227/PV2T_000231/PV2T_000247/PV2T_000303/PV2T_012484/PV2T_012511/PV2T_012558/PV2T_012606/PV2T_012621/PV2T_012623/PV2T_012683/PV2T_012684/PV2T_012686/PV2T_012688/PV2T_012689/PV2T_012725/PV2T_012735/PV2T_012787/PV2T_012790/PV2T_012793/PV2T_012934/PV2T_012945/PV2T_013004	Human mastadenovirus B
129875	0.2183780224296747	0.507070070329462	0.9802816901408451	PV2T_012701/PV2T_012696/PV2T_008503	0.9741992882562278	0.5847294292068198	PV2T_008501/PV2T_008503/PV2T_008506/PV2T_008508/PV2T_012639/PV2T_012696/PV2T_012701/PV2T_012708/PV2T_012710/PV2T_012711/PV2T_012728/PV2T_012730/PV2T_012752/PV2T_012805	Human mastadenovirus A
